genotype,time,0,1,2,3
AD,2.5,16.83444312072622,19.24125526638553,40.4092036375386,56.25405142535518
AD,5.7,24.983576981499347,19.849721454567977,47.6447667755529,56.45782320027261
AD,17.9,55.65890046151875,21.2379221919326,38.63159608724087,62.71448730288389
WT,2.5,17.95290082991915,17.469042558620625,36.707993738552325,61.437219683719746
WT,5.7,20.209888227503434,19.43893453057367,40.751529706063856,69.00885888661145
WT,13.4,25.58671269940462,24.72064659521508,45.30663007429894,52.28396860852418
