name,coef
Fos,-0.9063932491791279
Stat3,0.2872298366340577
Lcn2,-0.1352471106250049
Tgfbr1,-0.12320074323346916
C1qa,0.0
C3,0.0
C1qc,0.0
Cd68,0.0
C1qb,0.0
Aspg,0.0
Aldh1l1,0.0
Igfbp5,0.0
Gfap,0.0
Ctsh,0.0
Itgax,0.0
Laptm5,0.0
Lyz2,0.0
Lamp5,0.0
Kdr,0.0
Ntsr2,0.0
Nme8,0.0
Slco2b1,0.0
Pecam1,0.0
Syt2,0.0
Tnf,0.0
Trem2,0.0
Tyrobp,0.0
