genotype,time,sample_id,PC1,PC2
AD,2.5,AD_t2.5,-4.559863076098748,0.7018203682303413
AD,5.7,AD_t5.7,-1.2243258446574439,1.1764532576787032
AD,17.9,AD_t17.9,5.530879231962064,-5.578505934325735
WT,2.5,WT_t2.5,-4.539033494307807,-1.8699599608362554
WT,5.7,WT_t5.7,-1.0734594988739703,0.8166358282152733
WT,13.4,WT_t13.4,5.865802681975906,4.75355644103767
